-- phpMyAdmin SQL Dump
-- version 5.2.0
-- https://www.phpmyadmin.net/
--
-- Host: localhost
-- Creato il: Giu 07, 2023 alle 16:40
-- Versione del server: 10.4.27-MariaDB
-- Versione PHP: 8.2.0

SET SQL_MODE = "NO_AUTO_VALUE_ON_ZERO";
START TRANSACTION;
SET time_zone = "+00:00";


/*!40101 SET @OLD_CHARACTER_SET_CLIENT=@@CHARACTER_SET_CLIENT */;
/*!40101 SET @OLD_CHARACTER_SET_RESULTS=@@CHARACTER_SET_RESULTS */;
/*!40101 SET @OLD_COLLATION_CONNECTION=@@COLLATION_CONNECTION */;
/*!40101 SET NAMES utf8mb4 */;

--
-- Database: `e-commerce`
--
CREATE DATABASE IF NOT EXISTS `e-commerce` DEFAULT CHARACTER SET utf8mb4 COLLATE utf8mb4_general_ci;
USE `e-commerce`;

-- --------------------------------------------------------

--
-- Struttura della tabella `Articolo`
--

DROP TABLE IF EXISTS `Articolo`;
CREATE TABLE IF NOT EXISTS `Articolo` (
  `Id` int(11) NOT NULL AUTO_INCREMENT,
  `Prezzo` varchar(100) NOT NULL,
  `Utente_id` int(11) NOT NULL,
  `Prodotto_id` int(11) NOT NULL,
  `Status` int(11) NOT NULL,
  `Timestamp` timestamp NOT NULL DEFAULT current_timestamp(),
  PRIMARY KEY (`Id`),
  KEY `Prodotto_id` (`Prodotto_id`),
  KEY `Utente_id` (`Utente_id`)
) ENGINE=InnoDB AUTO_INCREMENT=48 DEFAULT CHARSET=utf8mb4 COLLATE=utf8mb4_general_ci;

--
-- Dump dei dati per la tabella `Articolo`
--

INSERT INTO `Articolo` (`Id`, `Prezzo`, `Utente_id`, `Prodotto_id`, `Status`, `Timestamp`) VALUES
(2, '15', 22, 2, 1, '2023-02-12 23:32:58'),
(3, '15', 22, 2, 1, '2023-02-12 23:32:58'),
(12, '15', 22, 3, 1, '2023-02-13 00:07:25'),
(13, '15', 22, 3, 1, '2023-02-13 00:07:25'),
(14, '15', 22, 3, 1, '2023-02-13 00:10:48'),
(15, '15', 22, 3, 1, '2023-02-13 00:10:48'),
(17, '15', 22, 3, 1, '2023-02-13 00:13:00'),
(18, '25', 5, 8, 1, '2023-02-13 22:13:52'),
(19, '25', 5, 8, 1, '2023-02-13 22:13:52'),
(20, '18', 5, 9, 1, '2023-02-13 22:17:19'),
(21, '18', 5, 9, 1, '2023-02-13 22:17:19'),
(22, '13', 5, 10, 1, '2023-02-15 10:12:48'),
(23, '22', 5, 12, 1, '2023-02-15 10:20:48'),
(24, '22', 5, 12, 1, '2023-02-15 10:23:14'),
(25, '22', 5, 12, 1, '2023-02-15 10:23:38'),
(26, '16', 5, 13, 1, '2023-02-15 10:27:56'),
(27, '45', 5, 14, 1, '2023-02-15 10:30:58'),
(28, '30', 5, 15, 1, '2023-02-15 10:33:58'),
(29, '12', 5, 16, 1, '2023-02-15 10:37:56'),
(30, '70', 5, 17, 1, '2023-02-15 10:40:20'),
(31, '21', 5, 18, 1, '2023-02-15 10:43:28'),
(32, '40', 22, 2, 1, '2023-02-15 12:28:31'),
(33, '10', 41, 19, 1, '2023-05-18 14:09:35'),
(34, '1', 41, 20, 1, '2023-05-18 14:25:18'),
(35, '1', 41, 20, 1, '2023-05-18 14:33:00'),
(36, '1', 41, 20, 1, '2023-05-18 14:33:38'),
(37, '1', 41, 20, 1, '2023-05-18 14:34:53'),
(38, '1', 41, 20, 1, '2023-05-18 14:36:32'),
(39, '15', 41, 20, 1, '2023-05-18 14:39:00'),
(40, '15', 41, 20, 1, '2023-05-18 14:41:49'),
(41, '12', 41, 20, 1, '2023-05-18 14:41:59'),
(42, '12', 41, 21, 1, '2023-05-18 14:43:54'),
(43, '12', 41, 21, 1, '2023-05-18 14:45:39'),
(44, '15', 41, 19, 1, '2023-05-18 15:34:54'),
(45, '20', 41, 19, 1, '2023-05-19 14:16:27'),
(46, '15', 41, 22, 1, '2023-05-19 14:19:00'),
(47, '10', 44, 23, 1, '2023-05-19 16:34:36');

-- --------------------------------------------------------

--
-- Struttura della tabella `Articolo_in_carrello`
--

DROP TABLE IF EXISTS `Articolo_in_carrello`;
CREATE TABLE IF NOT EXISTS `Articolo_in_carrello` (
  `Id` int(11) NOT NULL AUTO_INCREMENT,
  `Quantità` int(11) NOT NULL,
  `Carrello_id` int(11) NOT NULL,
  `Articolo_id` int(11) NOT NULL,
  `Status` int(11) NOT NULL,
  `Timestamp` timestamp NOT NULL DEFAULT current_timestamp(),
  PRIMARY KEY (`Id`),
  KEY `Carrello_id` (`Carrello_id`),
  KEY `Articolo_id` (`Articolo_id`)
) ENGINE=InnoDB AUTO_INCREMENT=49 DEFAULT CHARSET=utf8mb4 COLLATE=utf8mb4_general_ci;

--
-- Dump dei dati per la tabella `Articolo_in_carrello`
--

INSERT INTO `Articolo_in_carrello` (`Id`, `Quantità`, `Carrello_id`, `Articolo_id`, `Status`, `Timestamp`) VALUES
(4, 1, 538, 13, 1, '2023-02-13 18:21:11'),
(5, 1, 538, 13, 1, '2023-02-13 20:31:01'),
(6, 1, 538, 13, 1, '2023-02-13 20:31:40'),
(7, 1, 539, 13, 1, '2023-02-13 20:38:07'),
(8, 1, 539, 13, 1, '2023-02-13 20:39:43'),
(12, 1, 540, 13, 1, '2023-02-14 16:39:43'),
(13, 1, 541, 13, 1, '2023-02-14 17:18:49'),
(14, 1, 541, 19, 1, '2023-02-14 17:49:33'),
(21, 1, 543, 13, 1, '2023-04-13 13:52:27'),
(22, 1, 543, 21, 1, '2023-04-13 13:53:00'),
(23, 1, 543, 32, 1, '2023-04-25 08:34:12'),
(24, 1, 544, 23, 1, '2023-04-25 08:44:00'),
(48, 1, 552, 13, 1, '2023-05-18 14:29:30');

-- --------------------------------------------------------

--
-- Struttura della tabella `Articolo_in_magazzino`
--

DROP TABLE IF EXISTS `Articolo_in_magazzino`;
CREATE TABLE IF NOT EXISTS `Articolo_in_magazzino` (
  `Id` int(11) NOT NULL AUTO_INCREMENT,
  `Quantità` int(30) UNSIGNED NOT NULL,
  `Articolo_id` int(11) NOT NULL,
  `Magazzino_id` int(11) NOT NULL,
  `Status` int(11) NOT NULL,
  `Timestamp` timestamp NOT NULL DEFAULT current_timestamp(),
  PRIMARY KEY (`Id`),
  KEY `Articolo_id` (`Articolo_id`),
  KEY `Magazzino_id` (`Magazzino_id`)
) ENGINE=InnoDB AUTO_INCREMENT=32 DEFAULT CHARSET=utf8mb4 COLLATE=utf8mb4_general_ci;

--
-- Dump dei dati per la tabella `Articolo_in_magazzino`
--

INSERT INTO `Articolo_in_magazzino` (`Id`, `Quantità`, `Articolo_id`, `Magazzino_id`, `Status`, `Timestamp`) VALUES
(9, 0, 19, 2, 1, '2023-02-13 22:13:52'),
(10, 0, 21, 2, 1, '2023-02-13 22:17:19'),
(11, 0, 22, 2, 1, '2023-02-15 10:12:48'),
(12, 0, 23, 2, 1, '2023-02-15 10:20:48'),
(13, 0, 24, 2, 1, '2023-02-15 10:23:14'),
(14, 0, 25, 2, 1, '2023-02-15 10:23:38'),
(15, 0, 26, 2, 1, '2023-02-15 10:27:56'),
(16, 0, 27, 2, 1, '2023-02-15 10:30:58'),
(17, 0, 28, 2, 1, '2023-02-15 10:33:58'),
(18, 0, 29, 2, 1, '2023-02-15 10:37:56'),
(19, 0, 30, 2, 1, '2023-02-15 10:40:20'),
(20, 0, 31, 2, 1, '2023-02-15 10:43:29'),
(21, 0, 32, 2, 1, '2023-02-15 12:28:31'),
(22, 0, 33, 2, 1, '2023-05-18 14:09:35'),
(23, 123, 43, 2, 1, '2023-05-18 14:45:40'),
(24, 50, 44, 2, 1, '2023-05-18 15:34:54'),
(25, 20, 45, 2, 1, '2023-05-19 14:16:27'),
(26, 120, 46, 3, 1, '2023-05-19 14:19:00'),
(27, 100, 47, 3, 1, '2023-05-19 16:34:36'),
(30, 10, 48, 3, 0, '2023-06-02 19:08:16'),
(31, 10, 49, 3, 0, '2023-06-05 14:40:37');

-- --------------------------------------------------------

--
-- Struttura della tabella `Carrello`
--

DROP TABLE IF EXISTS `Carrello`;
CREATE TABLE IF NOT EXISTS `Carrello` (
  `Id` int(11) NOT NULL AUTO_INCREMENT,
  `Utente_id` int(11) NOT NULL,
  `Status` int(4) NOT NULL,
  `Timestamp` timestamp NOT NULL DEFAULT current_timestamp(),
  PRIMARY KEY (`Id`),
  KEY `Utente_id` (`Utente_id`)
) ENGINE=InnoDB AUTO_INCREMENT=557 DEFAULT CHARSET=utf8mb4 COLLATE=utf8mb4_general_ci;

--
-- Dump dei dati per la tabella `Carrello`
--

INSERT INTO `Carrello` (`Id`, `Utente_id`, `Status`, `Timestamp`) VALUES
(1, 1, 1, '2023-02-13 14:05:18'),
(2, 4, 0, '2023-02-02 09:36:53'),
(3, 4, 0, '2023-02-02 09:36:53'),
(4, 4, 0, '2023-02-02 09:36:53'),
(5, 4, 0, '2023-02-02 09:36:53'),
(6, 4, 0, '2023-02-02 09:36:53'),
(7, 4, 0, '2023-02-02 09:36:53'),
(8, 4, 0, '2023-02-02 09:36:53'),
(9, 4, 0, '2023-02-02 09:36:53'),
(10, 4, 0, '2023-02-02 09:36:53'),
(11, 4, 0, '2023-02-02 09:36:53'),
(12, 4, 0, '2023-02-02 09:36:53'),
(13, 4, 0, '2023-02-02 09:36:53'),
(14, 4, 0, '2023-02-02 09:36:53'),
(15, 4, 0, '2023-02-02 09:36:53'),
(16, 4, 0, '2023-02-02 09:36:53'),
(17, 4, 0, '2023-02-02 09:36:53'),
(18, 4, 0, '2023-02-02 09:36:53'),
(19, 4, 0, '2023-02-02 09:36:53'),
(20, 4, 0, '2023-02-02 09:36:53'),
(21, 4, 0, '2023-02-02 09:36:53'),
(22, 4, 0, '2023-02-02 09:36:53'),
(23, 4, 0, '2023-02-02 09:36:53'),
(24, 4, 0, '2023-02-02 09:36:53'),
(25, 4, 0, '2023-02-02 09:36:53'),
(26, 4, 0, '2023-02-02 09:36:53'),
(27, 4, 0, '2023-02-02 09:36:53'),
(28, 4, 0, '2023-02-02 09:36:53'),
(29, 4, 0, '2023-02-02 09:36:53'),
(30, 4, 0, '2023-02-02 09:36:53'),
(31, 4, 0, '2023-02-02 09:36:53'),
(32, 4, 0, '2023-02-02 09:36:53'),
(33, 4, 0, '2023-02-02 09:36:53'),
(34, 4, 0, '2023-02-02 09:36:53'),
(35, 4, 0, '2023-02-02 09:36:53'),
(36, 4, 0, '2023-02-02 09:36:53'),
(37, 4, 0, '2023-02-02 09:36:53'),
(38, 4, 0, '2023-02-02 09:36:53'),
(39, 4, 0, '2023-02-02 09:36:53'),
(40, 4, 0, '2023-02-02 09:36:53'),
(41, 4, 0, '2023-02-02 09:36:53'),
(42, 4, 0, '2023-02-02 09:36:53'),
(43, 4, 0, '2023-02-02 09:36:53'),
(44, 4, 0, '2023-02-02 09:36:53'),
(45, 4, 0, '2023-02-02 09:36:53'),
(46, 4, 0, '2023-02-02 09:36:53'),
(47, 4, 0, '2023-02-02 09:36:53'),
(48, 4, 0, '2023-02-02 09:36:53'),
(49, 4, 0, '2023-02-02 09:36:53'),
(50, 4, 0, '2023-02-02 09:36:53'),
(51, 4, 0, '2023-02-02 09:36:53'),
(52, 4, 0, '2023-02-02 09:36:53'),
(53, 4, 0, '2023-02-02 09:36:53'),
(54, 4, 0, '2023-02-02 09:36:53'),
(55, 4, 0, '2023-02-02 09:36:53'),
(56, 4, 0, '2023-02-02 09:36:53'),
(57, 4, 0, '2023-02-02 09:36:53'),
(58, 4, 0, '2023-02-02 09:36:53'),
(59, 4, 0, '2023-02-02 09:36:53'),
(60, 4, 0, '2023-02-02 09:36:53'),
(61, 4, 0, '2023-02-02 09:36:53'),
(62, 4, 0, '2023-02-02 09:36:53'),
(63, 4, 0, '2023-02-02 09:36:53'),
(64, 4, 0, '2023-02-02 09:36:53'),
(65, 4, 0, '2023-02-02 09:36:53'),
(66, 4, 0, '2023-02-02 09:36:53'),
(67, 4, 0, '2023-02-02 09:36:53'),
(68, 4, 0, '2023-02-02 09:36:53'),
(69, 4, 0, '2023-02-02 09:36:53'),
(70, 4, 0, '2023-02-02 09:36:53'),
(71, 4, 0, '2023-02-02 09:36:53'),
(72, 4, 0, '2023-02-02 09:36:53'),
(73, 4, 0, '2023-02-02 09:36:53'),
(74, 4, 0, '2023-02-02 09:36:53'),
(75, 4, 0, '2023-02-02 09:36:53'),
(76, 4, 0, '2023-02-02 09:36:53'),
(77, 4, 0, '2023-02-02 09:36:53'),
(78, 12, 0, '2023-02-05 15:27:29'),
(79, 12, 0, '2023-02-05 15:27:29'),
(80, 12, 0, '2023-02-05 15:27:29'),
(81, 12, 0, '2023-02-05 15:27:29'),
(82, 12, 0, '2023-02-05 15:27:29'),
(83, 12, 0, '2023-02-05 15:27:29'),
(84, 14, 0, '2023-02-05 15:43:37'),
(85, 14, 0, '2023-02-05 15:43:37'),
(86, 14, 0, '2023-02-05 15:43:37'),
(87, 14, 0, '2023-02-05 15:43:37'),
(88, 14, 0, '2023-02-05 15:43:37'),
(89, 14, 0, '2023-02-05 15:43:37'),
(90, 14, 0, '2023-02-05 15:43:37'),
(91, 14, 0, '2023-02-05 15:43:37'),
(92, 14, 0, '2023-02-05 15:43:37'),
(93, 14, 0, '2023-02-05 15:43:37'),
(94, 14, 0, '2023-02-05 15:43:37'),
(95, 14, 0, '2023-02-05 15:43:37'),
(96, 14, 0, '2023-02-05 15:43:37'),
(97, 14, 0, '2023-02-05 15:44:45'),
(98, 14, 0, '2023-02-05 15:44:45'),
(99, 14, 0, '2023-02-05 15:44:45'),
(100, 14, 0, '2023-02-05 15:44:45'),
(101, 14, 0, '2023-02-05 15:44:45'),
(102, 14, 0, '2023-02-05 15:44:45'),
(103, 14, 0, '2023-02-05 15:45:02'),
(104, 14, 0, '2023-02-05 15:45:02'),
(105, 14, 0, '2023-02-05 15:45:02'),
(106, 14, 0, '2023-02-05 15:45:02'),
(107, 14, 0, '2023-02-05 15:45:02'),
(108, 14, 0, '2023-02-05 15:45:02'),
(109, 15, 0, '2023-02-05 15:50:47'),
(110, 4, 0, '2023-02-05 16:04:45'),
(111, 4, 0, '2023-02-05 16:04:45'),
(112, 4, 0, '2023-02-05 16:04:45'),
(113, 4, 0, '2023-02-05 16:04:45'),
(114, 4, 0, '2023-02-05 16:04:45'),
(115, 4, 0, '2023-02-05 16:04:45'),
(116, 4, 0, '2023-02-05 16:04:45'),
(117, 4, 0, '2023-02-05 16:04:45'),
(118, 4, 0, '2023-02-05 16:04:45'),
(119, 4, 0, '2023-02-05 16:05:17'),
(120, 4, 0, '2023-02-05 16:05:17'),
(121, 4, 0, '2023-02-05 16:05:17'),
(122, 4, 0, '2023-02-05 16:05:17'),
(123, 4, 0, '2023-02-05 16:05:17'),
(124, 4, 0, '2023-02-05 16:05:17'),
(125, 4, 0, '2023-02-05 16:05:17'),
(126, 4, 0, '2023-02-05 16:05:23'),
(127, 4, 0, '2023-02-05 16:05:23'),
(128, 4, 0, '2023-02-05 16:05:23'),
(129, 4, 0, '2023-02-05 16:05:23'),
(130, 4, 0, '2023-02-05 16:05:23'),
(131, 4, 0, '2023-02-05 16:05:23'),
(132, 4, 0, '2023-02-05 16:05:23'),
(133, 4, 0, '2023-02-05 16:06:11'),
(134, 4, 0, '2023-02-05 16:06:11'),
(135, 4, 0, '2023-02-05 16:06:11'),
(136, 4, 0, '2023-02-05 16:06:11'),
(137, 4, 0, '2023-02-05 16:06:11'),
(138, 4, 0, '2023-02-05 16:06:11'),
(139, 4, 0, '2023-02-05 16:06:11'),
(140, 4, 0, '2023-02-05 16:06:19'),
(141, 4, 0, '2023-02-05 16:06:19'),
(142, 4, 0, '2023-02-05 16:06:19'),
(143, 4, 0, '2023-02-05 16:06:19'),
(144, 4, 0, '2023-02-05 16:06:19'),
(145, 4, 0, '2023-02-05 16:06:19'),
(146, 4, 0, '2023-02-05 16:06:19'),
(147, 4, 0, '2023-02-05 16:07:36'),
(148, 4, 0, '2023-02-05 16:07:36'),
(149, 4, 0, '2023-02-05 16:07:36'),
(150, 4, 0, '2023-02-05 16:07:36'),
(151, 4, 0, '2023-02-05 16:07:36'),
(152, 4, 0, '2023-02-05 16:07:36'),
(153, 4, 0, '2023-02-05 16:07:36'),
(154, 4, 0, '2023-02-05 16:08:00'),
(155, 4, 0, '2023-02-05 16:08:00'),
(156, 4, 0, '2023-02-05 16:08:00'),
(157, 4, 0, '2023-02-05 16:08:00'),
(158, 4, 0, '2023-02-05 16:08:00'),
(159, 4, 0, '2023-02-05 16:08:00'),
(160, 4, 0, '2023-02-05 16:08:00'),
(161, 4, 0, '2023-02-05 16:10:02'),
(162, 4, 0, '2023-02-05 16:10:02'),
(163, 4, 0, '2023-02-05 16:10:02'),
(164, 4, 0, '2023-02-05 16:10:02'),
(165, 4, 0, '2023-02-05 16:10:02'),
(166, 4, 0, '2023-02-05 16:10:02'),
(167, 4, 0, '2023-02-05 16:10:02'),
(168, 4, 0, '2023-02-05 16:10:05'),
(169, 4, 0, '2023-02-05 16:10:05'),
(170, 4, 0, '2023-02-05 16:10:05'),
(171, 4, 0, '2023-02-05 16:10:05'),
(172, 4, 0, '2023-02-05 16:10:05'),
(173, 4, 0, '2023-02-05 16:10:05'),
(174, 4, 0, '2023-02-05 16:10:05'),
(175, 16, 0, '2023-02-05 16:10:23'),
(176, 17, 0, '2023-02-06 14:58:54'),
(177, 18, 0, '2023-02-09 18:14:48'),
(178, 5, 0, '2023-02-12 17:24:57'),
(179, 4, 0, '2023-02-12 18:01:55'),
(180, 4, 0, '2023-02-12 18:01:55'),
(181, 4, 0, '2023-02-12 18:01:55'),
(182, 4, 0, '2023-02-12 18:01:55'),
(183, 4, 0, '2023-02-12 18:01:55'),
(184, 4, 0, '2023-02-12 18:01:55'),
(185, 4, 0, '2023-02-12 18:01:55'),
(186, 4, 0, '2023-02-12 18:01:55'),
(187, 4, 0, '2023-02-12 18:01:55'),
(188, 4, 0, '2023-02-12 18:01:55'),
(189, 4, 0, '2023-02-12 18:01:55'),
(190, 4, 0, '2023-02-12 18:01:55'),
(191, 4, 0, '2023-02-12 18:01:55'),
(192, 4, 0, '2023-02-12 18:01:55'),
(193, 4, 0, '2023-02-12 18:01:55'),
(194, 4, 0, '2023-02-12 18:01:55'),
(195, 4, 0, '2023-02-12 18:01:55'),
(196, 4, 0, '2023-02-12 18:01:55'),
(197, 4, 0, '2023-02-12 18:01:55'),
(198, 4, 0, '2023-02-12 18:01:55'),
(199, 4, 0, '2023-02-12 18:01:55'),
(200, 4, 0, '2023-02-12 18:02:52'),
(201, 4, 0, '2023-02-12 18:02:52'),
(202, 4, 0, '2023-02-12 18:02:52'),
(203, 4, 0, '2023-02-12 18:02:52'),
(204, 4, 0, '2023-02-12 18:02:52'),
(205, 4, 0, '2023-02-12 18:02:52'),
(206, 4, 0, '2023-02-12 18:02:52'),
(207, 4, 0, '2023-02-12 18:02:52'),
(208, 4, 0, '2023-02-12 18:02:52'),
(209, 4, 0, '2023-02-12 18:02:52'),
(210, 4, 0, '2023-02-12 18:08:38'),
(211, 4, 0, '2023-02-12 18:08:38'),
(212, 4, 0, '2023-02-12 18:08:38'),
(213, 4, 0, '2023-02-12 18:08:38'),
(214, 4, 0, '2023-02-12 18:08:38'),
(215, 4, 0, '2023-02-12 18:08:38'),
(216, 4, 0, '2023-02-12 18:08:38'),
(217, 4, 0, '2023-02-12 18:08:38'),
(218, 4, 0, '2023-02-12 18:08:38'),
(219, 4, 0, '2023-02-12 18:08:38'),
(220, 4, 0, '2023-02-12 18:09:49'),
(221, 4, 0, '2023-02-12 18:09:49'),
(222, 4, 0, '2023-02-12 18:09:49'),
(223, 4, 0, '2023-02-12 18:09:49'),
(224, 4, 0, '2023-02-12 18:09:49'),
(225, 4, 0, '2023-02-12 18:09:49'),
(226, 4, 0, '2023-02-12 18:09:49'),
(227, 4, 0, '2023-02-12 18:09:49'),
(228, 4, 0, '2023-02-12 18:09:49'),
(229, 4, 0, '2023-02-12 18:09:49'),
(230, 4, 0, '2023-02-12 20:34:47'),
(231, 4, 0, '2023-02-12 20:34:47'),
(232, 4, 0, '2023-02-12 20:34:47'),
(233, 4, 0, '2023-02-12 20:34:47'),
(234, 4, 0, '2023-02-12 20:34:47'),
(235, 4, 0, '2023-02-12 20:34:47'),
(236, 4, 0, '2023-02-12 20:34:47'),
(237, 4, 0, '2023-02-12 20:34:47'),
(238, 4, 0, '2023-02-12 20:34:47'),
(239, 4, 0, '2023-02-12 20:34:47'),
(240, 4, 0, '2023-02-12 20:34:47'),
(241, 4, 0, '2023-02-12 20:34:47'),
(242, 4, 0, '2023-02-12 20:34:47'),
(243, 4, 0, '2023-02-12 20:34:47'),
(244, 4, 0, '2023-02-12 20:34:47'),
(245, 4, 0, '2023-02-12 20:34:47'),
(246, 4, 0, '2023-02-12 20:34:47'),
(247, 4, 0, '2023-02-12 20:34:47'),
(248, 4, 0, '2023-02-12 20:34:47'),
(249, 4, 0, '2023-02-12 20:34:47'),
(250, 4, 0, '2023-02-12 20:34:47'),
(251, 4, 0, '2023-02-12 20:34:47'),
(252, 4, 0, '2023-02-12 20:34:47'),
(253, 4, 0, '2023-02-12 20:34:47'),
(254, 4, 0, '2023-02-12 20:34:47'),
(255, 4, 0, '2023-02-12 20:35:28'),
(256, 4, 0, '2023-02-12 20:35:28'),
(257, 4, 0, '2023-02-12 20:35:28'),
(258, 4, 0, '2023-02-12 20:35:28'),
(259, 4, 0, '2023-02-12 20:35:28'),
(260, 4, 0, '2023-02-12 20:35:28'),
(261, 4, 0, '2023-02-12 20:35:28'),
(262, 4, 0, '2023-02-12 20:35:28'),
(263, 4, 0, '2023-02-12 20:35:28'),
(264, 4, 0, '2023-02-12 20:35:28'),
(265, 4, 0, '2023-02-12 20:35:28'),
(266, 4, 0, '2023-02-12 20:35:28'),
(267, 4, 0, '2023-02-12 20:35:34'),
(268, 4, 0, '2023-02-12 20:35:34'),
(269, 4, 0, '2023-02-12 20:35:34'),
(270, 4, 0, '2023-02-12 20:35:34'),
(271, 4, 0, '2023-02-12 20:35:34'),
(272, 4, 0, '2023-02-12 20:35:34'),
(273, 4, 0, '2023-02-12 20:35:34'),
(274, 4, 0, '2023-02-12 20:35:34'),
(275, 4, 0, '2023-02-12 20:35:34'),
(276, 4, 0, '2023-02-12 20:35:34'),
(277, 4, 0, '2023-02-12 20:35:34'),
(278, 4, 0, '2023-02-12 20:35:34'),
(279, 4, 0, '2023-02-12 20:36:02'),
(280, 4, 0, '2023-02-12 20:36:02'),
(281, 4, 0, '2023-02-12 20:36:02'),
(282, 4, 0, '2023-02-12 20:36:02'),
(283, 4, 0, '2023-02-12 20:36:02'),
(284, 4, 0, '2023-02-12 20:36:02'),
(285, 4, 0, '2023-02-12 20:36:02'),
(286, 4, 0, '2023-02-12 20:36:02'),
(287, 4, 0, '2023-02-12 20:36:02'),
(288, 4, 0, '2023-02-12 20:36:02'),
(289, 4, 0, '2023-02-12 20:36:02'),
(290, 4, 0, '2023-02-12 20:36:02'),
(291, 4, 0, '2023-02-12 20:36:02'),
(292, 4, 0, '2023-02-12 20:36:02'),
(293, 4, 0, '2023-02-12 20:36:02'),
(294, 4, 0, '2023-02-12 20:36:02'),
(295, 4, 0, '2023-02-12 20:36:02'),
(296, 4, 0, '2023-02-12 20:36:02'),
(297, 4, 0, '2023-02-12 20:36:02'),
(298, 4, 0, '2023-02-12 20:36:02'),
(299, 4, 0, '2023-02-12 20:36:02'),
(300, 4, 0, '2023-02-12 20:36:02'),
(301, 4, 0, '2023-02-12 20:36:02'),
(302, 4, 0, '2023-02-12 20:36:02'),
(303, 4, 0, '2023-02-12 20:36:02'),
(304, 4, 0, '2023-02-12 20:36:37'),
(305, 4, 0, '2023-02-12 20:36:37'),
(306, 4, 0, '2023-02-12 20:36:37'),
(307, 4, 0, '2023-02-12 20:36:37'),
(308, 4, 0, '2023-02-12 20:36:37'),
(309, 4, 0, '2023-02-12 20:36:37'),
(310, 4, 0, '2023-02-12 20:36:37'),
(311, 4, 0, '2023-02-12 20:36:37'),
(312, 4, 0, '2023-02-12 20:36:37'),
(313, 4, 0, '2023-02-12 20:36:37'),
(314, 4, 0, '2023-02-12 20:36:37'),
(315, 4, 0, '2023-02-12 20:36:37'),
(316, 4, 0, '2023-02-12 20:36:45'),
(317, 4, 0, '2023-02-12 20:36:45'),
(318, 4, 0, '2023-02-12 20:36:45'),
(319, 4, 0, '2023-02-12 20:36:45'),
(320, 4, 0, '2023-02-12 20:36:45'),
(321, 4, 0, '2023-02-12 20:36:45'),
(322, 4, 0, '2023-02-12 20:36:45'),
(323, 4, 0, '2023-02-12 20:36:45'),
(324, 4, 0, '2023-02-12 20:36:45'),
(325, 4, 0, '2023-02-12 20:36:45'),
(326, 4, 0, '2023-02-12 20:36:45'),
(327, 4, 0, '2023-02-12 20:36:45'),
(328, 4, 0, '2023-02-12 20:37:15'),
(329, 4, 0, '2023-02-12 20:37:15'),
(330, 4, 0, '2023-02-12 20:37:15'),
(331, 4, 0, '2023-02-12 20:37:15'),
(332, 4, 0, '2023-02-12 20:37:15'),
(333, 4, 0, '2023-02-12 20:37:15'),
(334, 4, 0, '2023-02-12 20:37:15'),
(335, 4, 0, '2023-02-12 20:37:15'),
(336, 4, 0, '2023-02-12 20:37:15'),
(337, 4, 0, '2023-02-12 20:37:15'),
(338, 4, 0, '2023-02-12 20:37:15'),
(339, 4, 0, '2023-02-12 20:37:15'),
(340, 4, 0, '2023-02-12 20:37:15'),
(341, 4, 0, '2023-02-12 20:37:15'),
(342, 4, 0, '2023-02-12 20:37:15'),
(343, 4, 0, '2023-02-12 20:37:15'),
(344, 4, 0, '2023-02-12 20:37:15'),
(345, 4, 0, '2023-02-12 20:37:15'),
(346, 4, 0, '2023-02-12 20:37:15'),
(347, 4, 0, '2023-02-12 20:37:15'),
(348, 4, 0, '2023-02-12 20:37:15'),
(349, 4, 0, '2023-02-12 20:37:15'),
(350, 4, 0, '2023-02-12 20:37:15'),
(351, 4, 0, '2023-02-12 20:37:15'),
(352, 4, 0, '2023-02-12 20:37:15'),
(353, 4, 0, '2023-02-12 20:37:19'),
(354, 4, 0, '2023-02-12 20:37:19'),
(355, 4, 0, '2023-02-12 20:37:19'),
(356, 4, 0, '2023-02-12 20:37:19'),
(357, 4, 0, '2023-02-12 20:37:19'),
(358, 4, 0, '2023-02-12 20:37:19'),
(359, 4, 0, '2023-02-12 20:37:19'),
(360, 4, 0, '2023-02-12 20:37:19'),
(361, 4, 0, '2023-02-12 20:37:19'),
(362, 4, 0, '2023-02-12 20:37:19'),
(363, 4, 0, '2023-02-12 20:37:19'),
(364, 4, 0, '2023-02-12 20:37:19'),
(365, 4, 0, '2023-02-12 20:37:20'),
(366, 4, 0, '2023-02-12 20:37:20'),
(367, 4, 0, '2023-02-12 20:37:20'),
(368, 4, 0, '2023-02-12 20:37:20'),
(369, 4, 0, '2023-02-12 20:37:20'),
(370, 4, 0, '2023-02-12 20:37:20'),
(371, 4, 0, '2023-02-12 20:37:20'),
(372, 4, 0, '2023-02-12 20:37:20'),
(373, 4, 0, '2023-02-12 20:37:20'),
(374, 4, 0, '2023-02-12 20:37:20'),
(375, 4, 0, '2023-02-12 20:37:20'),
(376, 4, 0, '2023-02-12 20:37:20'),
(377, 4, 0, '2023-02-12 20:37:20'),
(378, 4, 0, '2023-02-12 20:37:20'),
(379, 4, 0, '2023-02-12 20:37:20'),
(380, 4, 0, '2023-02-12 20:37:20'),
(381, 4, 0, '2023-02-12 20:37:20'),
(382, 4, 0, '2023-02-12 20:37:20'),
(383, 4, 0, '2023-02-12 20:37:20'),
(384, 4, 0, '2023-02-12 20:37:20'),
(385, 4, 0, '2023-02-12 20:37:20'),
(386, 4, 0, '2023-02-12 20:37:20'),
(387, 4, 0, '2023-02-12 20:37:20'),
(388, 4, 0, '2023-02-12 20:37:20'),
(389, 4, 0, '2023-02-12 20:37:21'),
(390, 4, 0, '2023-02-12 20:37:21'),
(391, 4, 0, '2023-02-12 20:37:21'),
(392, 4, 0, '2023-02-12 20:37:21'),
(393, 4, 0, '2023-02-12 20:37:21'),
(394, 4, 0, '2023-02-12 20:37:21'),
(395, 4, 0, '2023-02-12 20:37:21'),
(396, 4, 0, '2023-02-12 20:37:21'),
(397, 4, 0, '2023-02-12 20:37:21'),
(398, 4, 0, '2023-02-12 20:37:21'),
(399, 4, 0, '2023-02-12 20:37:21'),
(400, 4, 0, '2023-02-12 20:37:21'),
(401, 4, 0, '2023-02-12 20:37:44'),
(402, 4, 0, '2023-02-12 20:37:44'),
(403, 4, 0, '2023-02-12 20:37:44'),
(404, 4, 0, '2023-02-12 20:37:44'),
(405, 4, 0, '2023-02-12 20:37:44'),
(406, 4, 0, '2023-02-12 20:37:44'),
(407, 4, 0, '2023-02-12 20:37:44'),
(408, 4, 0, '2023-02-12 20:37:44'),
(409, 4, 0, '2023-02-12 20:37:44'),
(410, 4, 0, '2023-02-12 20:37:44'),
(411, 4, 0, '2023-02-12 20:37:44'),
(412, 4, 0, '2023-02-12 20:37:44'),
(413, 4, 0, '2023-02-12 20:38:50'),
(414, 4, 0, '2023-02-12 20:38:50'),
(415, 4, 0, '2023-02-12 20:38:50'),
(416, 4, 0, '2023-02-12 20:38:50'),
(417, 4, 0, '2023-02-12 20:38:50'),
(418, 4, 0, '2023-02-12 20:38:50'),
(419, 4, 0, '2023-02-12 20:38:50'),
(420, 4, 0, '2023-02-12 20:38:50'),
(421, 4, 0, '2023-02-12 20:38:50'),
(422, 4, 0, '2023-02-12 20:38:50'),
(423, 4, 0, '2023-02-12 20:38:50'),
(424, 4, 0, '2023-02-12 20:38:50'),
(425, 4, 0, '2023-02-12 20:40:18'),
(426, 4, 0, '2023-02-12 20:40:18'),
(427, 4, 0, '2023-02-12 20:40:18'),
(428, 4, 0, '2023-02-12 20:40:18'),
(429, 4, 0, '2023-02-12 20:40:18'),
(430, 4, 0, '2023-02-12 20:40:18'),
(431, 4, 0, '2023-02-12 20:40:18'),
(432, 4, 0, '2023-02-12 20:40:18'),
(433, 4, 0, '2023-02-12 20:40:18'),
(434, 4, 0, '2023-02-12 20:40:18'),
(435, 4, 0, '2023-02-12 20:40:18'),
(436, 4, 0, '2023-02-12 20:40:18'),
(437, 4, 0, '2023-02-12 20:40:18'),
(438, 4, 0, '2023-02-12 20:40:18'),
(439, 4, 0, '2023-02-12 20:40:18'),
(440, 4, 0, '2023-02-12 20:40:18'),
(441, 4, 0, '2023-02-12 20:40:18'),
(442, 4, 0, '2023-02-12 20:40:18'),
(443, 4, 0, '2023-02-12 20:40:18'),
(444, 4, 0, '2023-02-12 20:40:18'),
(445, 4, 0, '2023-02-12 20:40:18'),
(446, 4, 0, '2023-02-12 20:40:18'),
(447, 4, 0, '2023-02-12 20:40:18'),
(448, 4, 0, '2023-02-12 20:40:18'),
(449, 4, 0, '2023-02-12 20:40:18'),
(450, 4, 0, '2023-02-12 20:52:05'),
(451, 4, 0, '2023-02-12 20:52:05'),
(452, 4, 0, '2023-02-12 20:52:05'),
(453, 4, 0, '2023-02-12 20:52:05'),
(454, 4, 0, '2023-02-12 20:52:05'),
(455, 4, 0, '2023-02-12 20:52:05'),
(456, 4, 0, '2023-02-12 20:52:05'),
(457, 4, 0, '2023-02-12 20:52:05'),
(458, 4, 0, '2023-02-12 20:52:05'),
(459, 4, 0, '2023-02-12 20:52:05'),
(460, 4, 0, '2023-02-12 20:52:05'),
(461, 4, 0, '2023-02-12 20:52:05'),
(462, 19, 0, '2023-02-12 20:52:26'),
(463, 20, 0, '2023-02-12 20:55:47'),
(464, 21, 0, '2023-02-12 21:55:43'),
(465, 22, 0, '2023-02-12 22:16:51'),
(466, 23, 0, '2023-02-13 00:23:38'),
(467, 1, 0, '2023-02-13 14:05:47'),
(468, 1, 0, '2023-02-13 14:05:47'),
(469, 1, 0, '2023-02-13 14:05:47'),
(470, 1, 0, '2023-02-13 14:05:47'),
(471, 1, 0, '2023-02-13 14:05:47'),
(472, 1, 0, '2023-02-13 14:05:47'),
(473, 1, 0, '2023-02-13 14:05:47'),
(474, 1, 0, '2023-02-13 14:05:47'),
(475, 1, 0, '2023-02-13 14:05:47'),
(476, 1, 0, '2023-02-13 14:05:47'),
(477, 1, 0, '2023-02-13 14:05:47'),
(478, 1, 0, '2023-02-13 14:05:47'),
(479, 1, 0, '2023-02-13 14:05:47'),
(480, 1, 0, '2023-02-13 14:52:23'),
(481, 1, 0, '2023-02-13 14:52:23'),
(482, 1, 0, '2023-02-13 14:52:23'),
(483, 1, 0, '2023-02-13 14:52:23'),
(484, 1, 0, '2023-02-13 14:52:23'),
(485, 1, 0, '2023-02-13 14:52:23'),
(486, 1, 0, '2023-02-13 14:52:23'),
(487, 1, 0, '2023-02-13 14:52:23'),
(488, 1, 0, '2023-02-13 14:52:23'),
(489, 1, 0, '2023-02-13 14:54:34'),
(490, 1, 0, '2023-02-13 14:54:34'),
(491, 1, 0, '2023-02-13 14:54:34'),
(492, 1, 0, '2023-02-13 14:54:34'),
(493, 1, 0, '2023-02-13 14:54:34'),
(494, 1, 0, '2023-02-13 14:54:34'),
(495, 1, 0, '2023-02-13 14:54:34'),
(496, 1, 0, '2023-02-13 14:54:34'),
(497, 1, 0, '2023-02-13 14:54:34'),
(498, 1, 0, '2023-02-13 15:02:07'),
(499, 1, 0, '2023-02-13 15:02:07'),
(500, 1, 0, '2023-02-13 15:02:07'),
(501, 1, 0, '2023-02-13 15:02:07'),
(502, 1, 0, '2023-02-13 15:02:07'),
(503, 1, 0, '2023-02-13 15:02:07'),
(504, 1, 0, '2023-02-13 15:02:07'),
(505, 1, 0, '2023-02-13 15:02:07'),
(506, 1, 0, '2023-02-13 15:02:07'),
(507, 1, 0, '2023-02-13 15:02:50'),
(508, 1, 0, '2023-02-13 15:02:50'),
(509, 1, 0, '2023-02-13 15:02:50'),
(510, 1, 0, '2023-02-13 15:02:50'),
(511, 1, 0, '2023-02-13 15:02:50'),
(512, 1, 0, '2023-02-13 15:02:50'),
(513, 1, 0, '2023-02-13 15:02:50'),
(514, 1, 0, '2023-02-13 15:02:50'),
(515, 1, 0, '2023-02-13 15:02:50'),
(516, 1, 0, '2023-02-13 15:02:55'),
(517, 1, 0, '2023-02-13 15:02:55'),
(518, 1, 0, '2023-02-13 15:02:55'),
(519, 1, 0, '2023-02-13 15:02:55'),
(520, 1, 0, '2023-02-13 15:02:55'),
(521, 1, 0, '2023-02-13 15:02:55'),
(522, 1, 0, '2023-02-13 15:02:55'),
(523, 1, 0, '2023-02-13 15:02:55'),
(524, 1, 0, '2023-02-13 15:02:55'),
(525, 1, 0, '2023-02-13 15:05:07'),
(526, 1, 0, '2023-02-13 15:05:07'),
(527, 1, 0, '2023-02-13 15:05:07'),
(528, 1, 0, '2023-02-13 15:05:07'),
(529, 1, 0, '2023-02-13 15:05:07'),
(530, 1, 0, '2023-02-13 15:05:07'),
(531, 1, 0, '2023-02-13 15:05:07'),
(532, 1, 0, '2023-02-13 15:05:07'),
(533, 1, 0, '2023-02-13 15:05:07'),
(534, 24, 0, '2023-02-13 16:05:57'),
(535, 25, 0, '2023-02-13 16:18:05'),
(536, 26, 0, '2023-02-13 16:25:18'),
(538, 28, 0, '2023-02-13 18:15:18'),
(539, 29, 0, '2023-02-13 20:35:11'),
(540, 30, 0, '2023-02-14 16:39:13'),
(541, 31, 0, '2023-02-14 17:18:38'),
(542, 32, 0, '2023-02-15 10:44:46'),
(543, 33, 0, '2023-03-24 16:33:53'),
(544, 34, 0, '2023-04-25 08:43:50'),
(545, 35, 0, '2023-04-25 09:29:04'),
(546, 36, 0, '2023-04-27 16:21:12'),
(547, 37, 0, '2023-04-27 16:40:13'),
(548, 38, 0, '2023-05-05 15:21:28'),
(549, 39, 0, '2023-05-05 16:20:54'),
(550, 40, 0, '2023-05-08 13:56:12'),
(551, 41, 0, '2023-05-18 14:08:26'),
(552, 42, 0, '2023-05-18 14:28:56'),
(553, 43, 0, '2023-05-18 15:37:45'),
(554, 44, 0, '2023-05-19 16:33:00'),
(555, 45, 0, '2023-06-07 14:38:36'),
(556, 46, 0, '2023-06-07 14:39:42');

-- --------------------------------------------------------

--
-- Struttura della tabella `Categoria`
--

DROP TABLE IF EXISTS `Categoria`;
CREATE TABLE IF NOT EXISTS `Categoria` (
  `Id` int(11) NOT NULL AUTO_INCREMENT,
  `Nome` varchar(50) NOT NULL,
  `Descrizione` varchar(300) NOT NULL,
  `Status` int(11) NOT NULL,
  `Timestamp` timestamp NOT NULL DEFAULT current_timestamp(),
  PRIMARY KEY (`Id`)
) ENGINE=InnoDB AUTO_INCREMENT=6 DEFAULT CHARSET=utf8mb4 COLLATE=utf8mb4_general_ci;

--
-- Dump dei dati per la tabella `Categoria`
--

INSERT INTO `Categoria` (`Id`, `Nome`, `Descrizione`, `Status`, `Timestamp`) VALUES
(1, 'name_unset', 'desc_unset', 0, '2023-02-04 09:47:10'),
(2, 'T-shirt', 'Maglietta', 1, '2023-02-12 22:51:58'),
(3, 'Scarpe', 'Scarpe', 1, '2023-02-12 22:52:28'),
(4, 'Felpa', 'Felpe', 1, '2023-02-12 22:53:10'),
(5, 'Cappelli e berrette', 'Cappelli e berrette', 1, '2023-02-15 10:14:41');

-- --------------------------------------------------------

--
-- Struttura della tabella `Claim`
--

DROP TABLE IF EXISTS `Claim`;
CREATE TABLE IF NOT EXISTS `Claim` (
  `Id` int(11) NOT NULL AUTO_INCREMENT,
  `Descrizione` varchar(50) NOT NULL,
  `Conto` decimal(10,0) NOT NULL,
  `Status` int(5) NOT NULL,
  `Timestamp` timestamp NOT NULL DEFAULT current_timestamp(),
  PRIMARY KEY (`Id`)
) ENGINE=InnoDB AUTO_INCREMENT=102 DEFAULT CHARSET=utf8mb4 COLLATE=utf8mb4_general_ci;

--
-- Dump dei dati per la tabella `Claim`
--

INSERT INTO `Claim` (`Id`, `Descrizione`, `Conto`, `Status`, `Timestamp`) VALUES
(1, 'unset', '0', 1, '2023-02-13 14:04:32'),
(55, 'user', '0', 0, '2023-01-31 15:35:38'),
(56, 'seller', '0', 0, '2023-01-31 15:38:04'),
(57, 'seller', '0', 0, '2023-02-02 08:32:19'),
(58, 'user', '0', 0, '2023-02-02 13:44:59'),
(59, 'user', '0', 0, '2023-02-05 09:16:32'),
(60, 'user', '0', 0, '2023-02-05 09:21:09'),
(61, 'user', '0', 0, '2023-02-05 15:02:49'),
(62, 'user', '0', 0, '2023-02-05 15:07:55'),
(63, 'user', '0', 0, '2023-02-05 15:09:34'),
(64, 'user', '0', 0, '2023-02-05 15:28:06'),
(65, 'user', '0', 0, '2023-02-05 15:43:37'),
(66, 'user', '0', 0, '2023-02-05 15:50:47'),
(67, 'user', '0', 0, '2023-02-05 16:10:23'),
(68, 'user', '0', 0, '2023-02-06 14:58:54'),
(69, 'seller', '0', 0, '2023-02-09 18:14:48'),
(70, 'user', '0', 0, '2023-02-12 20:52:26'),
(71, 'seller', '0', 0, '2023-02-12 20:55:47'),
(72, 'user', '0', 0, '2023-02-12 21:55:43'),
(73, 'seller', '0', 0, '2023-02-12 22:16:51'),
(74, 'user', '0', 0, '2023-02-13 00:23:38'),
(75, 'seller', '0', 0, '2023-02-13 16:05:57'),
(76, 'seller', '0', 0, '2023-02-13 16:18:05'),
(77, 'user', '0', 0, '2023-02-13 16:25:18'),
(78, 'user', '0', 0, '2023-02-13 17:56:08'),
(79, 'user', '0', 0, '2023-02-13 18:15:18'),
(80, 'user', '0', 0, '2023-02-13 20:35:11'),
(81, 'user', '0', 0, '2023-02-14 16:39:13'),
(82, 'user', '0', 0, '2023-02-14 17:18:38'),
(83, 'user', '0', 0, '2023-02-15 10:44:46'),
(84, 'user', '0', 0, '2023-03-24 16:33:53'),
(85, 'user', '0', 0, '2023-04-25 08:43:50'),
(86, 'user', '0', 0, '2023-04-25 09:29:04'),
(87, 'user', '0', 0, '2023-04-27 16:21:12'),
(88, 'user', '0', 0, '2023-04-27 16:40:13'),
(89, 'user', '0', 0, '2023-05-05 15:21:28'),
(90, 'user', '0', 0, '2023-05-05 16:20:54'),
(91, 'user', '0', 0, '2023-05-08 13:56:12'),
(92, 'seller', '0', 0, '2023-05-18 14:08:26'),
(93, 'user', '0', 0, '2023-05-18 14:28:56'),
(94, 'user', '0', 0, '2023-05-18 15:37:45'),
(95, 'seller_pro', '0', 0, '2023-05-19 16:33:00'),
(96, 'user', '0', 0, '2023-06-07 14:12:40'),
(97, 'user', '0', 0, '2023-06-07 14:14:43'),
(98, 'user', '0', 0, '2023-06-07 14:15:37'),
(99, 'user', '0', 0, '2023-06-07 14:16:47'),
(100, 'user', '0', 0, '2023-06-07 14:20:21'),
(101, 'user', '0', 0, '2023-06-07 14:39:42');

-- --------------------------------------------------------

--
-- Struttura della tabella `Configurazione_variazione`
--

DROP TABLE IF EXISTS `Configurazione_variazione`;
CREATE TABLE IF NOT EXISTS `Configurazione_variazione` (
  `Id` int(11) NOT NULL AUTO_INCREMENT,
  `Articolo_id` int(11) NOT NULL,
  `Opzio_variazione_id` int(11) NOT NULL,
  `Status` int(11) NOT NULL,
  `Timestamp` timestamp NOT NULL DEFAULT current_timestamp(),
  PRIMARY KEY (`Id`),
  KEY `Articolo_id` (`Articolo_id`),
  KEY `Opzio_variazione_id` (`Opzio_variazione_id`)
) ENGINE=InnoDB AUTO_INCREMENT=63 DEFAULT CHARSET=utf8mb4 COLLATE=utf8mb4_general_ci;

--
-- Dump dei dati per la tabella `Configurazione_variazione`
--

INSERT INTO `Configurazione_variazione` (`Id`, `Articolo_id`, `Opzio_variazione_id`, `Status`, `Timestamp`) VALUES
(1, 13, 2, 1, '2023-02-13 00:07:25'),
(2, 13, 6, 1, '2023-02-13 00:07:25'),
(3, 15, 2, 1, '2023-02-13 00:10:48'),
(4, 15, 6, 1, '2023-02-13 00:10:48'),
(5, 17, 2, 1, '2023-02-13 00:13:00'),
(6, 17, 6, 1, '2023-02-13 00:13:00'),
(7, 19, 11, 1, '2023-02-13 22:13:52'),
(8, 19, 14, 1, '2023-02-13 22:13:52'),
(9, 21, 8, 1, '2023-02-13 22:17:19'),
(10, 21, 18, 1, '2023-02-13 22:17:19'),
(11, 22, 4, 1, '2023-02-15 10:12:48'),
(12, 22, 5, 1, '2023-02-15 10:12:48'),
(13, 23, 21, 1, '2023-02-15 10:20:48'),
(14, 23, 22, 1, '2023-02-15 10:20:48'),
(15, 24, 19, 1, '2023-02-15 10:23:14'),
(16, 24, 22, 1, '2023-02-15 10:23:14'),
(17, 25, 19, 1, '2023-02-15 10:23:38'),
(18, 25, 22, 1, '2023-02-15 10:23:38'),
(19, 26, 20, 1, '2023-02-15 10:27:56'),
(20, 26, 24, 1, '2023-02-15 10:27:56'),
(21, 27, 11, 1, '2023-02-15 10:30:58'),
(22, 27, 15, 1, '2023-02-15 10:30:58'),
(23, 28, 12, 1, '2023-02-15 10:33:58'),
(24, 28, 15, 1, '2023-02-15 10:33:58'),
(25, 29, 3, 1, '2023-02-15 10:37:56'),
(26, 29, 25, 1, '2023-02-15 10:37:56'),
(27, 30, 8, 1, '2023-02-15 10:40:20'),
(28, 30, 18, 1, '2023-02-15 10:40:20'),
(29, 31, 21, 1, '2023-02-15 10:43:29'),
(30, 31, 23, 1, '2023-02-15 10:43:29'),
(31, 32, 8, 1, '2023-02-15 12:28:31'),
(32, 32, 17, 1, '2023-02-15 12:28:31'),
(33, 33, 2, 1, '2023-05-18 14:09:35'),
(34, 33, 5, 1, '2023-05-18 14:09:35'),
(35, 34, 10, 1, '2023-05-18 14:25:18'),
(36, 34, 13, 1, '2023-05-18 14:25:18'),
(37, 35, 10, 1, '2023-05-18 14:33:00'),
(38, 35, 13, 1, '2023-05-18 14:33:00'),
(39, 36, 10, 1, '2023-05-18 14:33:38'),
(40, 36, 13, 1, '2023-05-18 14:33:38'),
(41, 37, 10, 1, '2023-05-18 14:34:53'),
(42, 37, 13, 1, '2023-05-18 14:34:53'),
(43, 38, 10, 1, '2023-05-18 14:36:32'),
(44, 38, 13, 1, '2023-05-18 14:36:32'),
(45, 39, 10, 1, '2023-05-18 14:39:00'),
(46, 39, 13, 1, '2023-05-18 14:39:00'),
(47, 40, 10, 1, '2023-05-18 14:41:49'),
(48, 40, 13, 1, '2023-05-18 14:41:49'),
(49, 41, 10, 1, '2023-05-18 14:41:59'),
(50, 41, 13, 1, '2023-05-18 14:41:59'),
(51, 42, 2, 1, '2023-05-18 14:43:54'),
(52, 42, 5, 1, '2023-05-18 14:43:54'),
(53, 43, 2, 1, '2023-05-18 14:45:40'),
(54, 43, 5, 1, '2023-05-18 14:45:40'),
(55, 44, 2, 1, '2023-05-18 15:34:54'),
(56, 44, 6, 1, '2023-05-18 15:34:54'),
(57, 45, 2, 1, '2023-05-19 14:16:27'),
(58, 45, 5, 1, '2023-05-19 14:16:27'),
(59, 46, 20, 1, '2023-05-19 14:19:00'),
(60, 46, 23, 1, '2023-05-19 14:19:00'),
(61, 47, 10, 1, '2023-05-19 16:34:36'),
(62, 47, 13, 1, '2023-05-19 16:34:36');

-- --------------------------------------------------------

--
-- Struttura della tabella `Dettaglio_ordine`
--

DROP TABLE IF EXISTS `Dettaglio_ordine`;
CREATE TABLE IF NOT EXISTS `Dettaglio_ordine` (
  `Id` int(11) NOT NULL AUTO_INCREMENT,
  `Tipo` int(11) NOT NULL,
  `Articolo_id` int(11) NOT NULL,
  `Ordine_id` int(11) NOT NULL,
  `Status` int(11) NOT NULL,
  `Timestamp` timestamp NOT NULL DEFAULT current_timestamp(),
  PRIMARY KEY (`Id`),
  KEY `Articolo_id` (`Articolo_id`),
  KEY `Ordine_id` (`Ordine_id`)
) ENGINE=InnoDB AUTO_INCREMENT=33 DEFAULT CHARSET=utf8mb4 COLLATE=utf8mb4_general_ci;

--
-- Dump dei dati per la tabella `Dettaglio_ordine`
--

INSERT INTO `Dettaglio_ordine` (`Id`, `Tipo`, `Articolo_id`, `Ordine_id`, `Status`, `Timestamp`) VALUES
(1, 1, 21, 5, 0, '2023-04-25 08:34:29'),
(2, 1, 24, 6, 0, '2023-04-25 08:45:21'),
(3, 1, 24, 7, 0, '2023-04-25 09:17:26'),
(4, 1, 32, 11, 0, '2023-04-25 09:32:05'),
(5, 1, 28, 12, 0, '2023-04-25 09:33:47'),
(6, 1, 32, 13, 0, '2023-04-25 09:38:24'),
(7, 1, 13, 13, 0, '2023-04-25 09:38:24'),
(8, 1, 32, 14, 0, '2023-04-27 16:22:29'),
(9, 1, 13, 14, 0, '2023-04-27 16:22:29'),
(10, 1, 19, 15, 0, '2023-04-27 16:27:15'),
(11, 1, 24, 15, 0, '2023-04-27 16:27:15'),
(12, 1, 27, 15, 0, '2023-04-27 16:27:15'),
(13, 1, 32, 16, 0, '2023-04-27 16:41:35'),
(14, 1, 29, 17, 0, '2023-04-27 16:42:37'),
(15, 1, 21, 18, 0, '2023-04-27 16:53:54'),
(16, 1, 13, 19, 0, '2023-05-05 15:26:12'),
(17, 1, 19, 19, 0, '2023-05-05 15:26:12'),
(18, 1, 24, 19, 0, '2023-05-05 15:26:12'),
(19, 1, 21, 20, 0, '2023-05-05 15:28:36'),
(20, 1, 26, 20, 0, '2023-05-05 15:28:36'),
(21, 1, 22, 21, 0, '2023-05-06 10:19:18'),
(22, 1, 13, 23, 0, '2023-05-18 15:41:51'),
(23, 1, 13, 24, 0, '2023-05-18 15:43:17'),
(24, 1, 32, 25, 0, '2023-05-18 15:45:33'),
(25, 1, 19, 26, 0, '2023-05-18 15:46:57'),
(26, 1, 19, 26, 0, '2023-05-18 15:46:57'),
(27, 1, 19, 26, 0, '2023-05-18 15:46:57'),
(28, 1, 21, 27, 0, '2023-05-18 15:47:36'),
(29, 1, 34, 28, 0, '2023-05-18 15:49:09'),
(30, 1, 34, 28, 0, '2023-05-18 15:49:09'),
(31, 1, 34, 28, 0, '2023-05-18 15:49:09'),
(32, 1, 34, 28, 0, '2023-05-18 15:49:09');

-- --------------------------------------------------------

--
-- Struttura della tabella `Dimensione`
--

DROP TABLE IF EXISTS `Dimensione`;
CREATE TABLE IF NOT EXISTS `Dimensione` (
  `Id` int(11) NOT NULL AUTO_INCREMENT,
  `Dim_X` varchar(100) NOT NULL,
  `Dim_Y` varchar(100) NOT NULL,
  `Dim_Z` varchar(100) NOT NULL,
  `Timestamp` timestamp NOT NULL DEFAULT current_timestamp(),
  PRIMARY KEY (`Id`)
) ENGINE=InnoDB AUTO_INCREMENT=5 DEFAULT CHARSET=utf8mb4 COLLATE=utf8mb4_general_ci;

--
-- Dump dei dati per la tabella `Dimensione`
--

INSERT INTO `Dimensione` (`Id`, `Dim_X`, `Dim_Y`, `Dim_Z`, `Timestamp`) VALUES
(2, 'dimX_unset', 'dimY_unset', 'dimZ_unset', '2023-02-04 09:43:18'),
(3, '1', '1', '1', '2023-02-12 23:09:00'),
(4, '123', '123', '123', '2023-05-18 14:24:27');

-- --------------------------------------------------------

--
-- Struttura della tabella `Forma_di_pagamento`
--

DROP TABLE IF EXISTS `Forma_di_pagamento`;
CREATE TABLE IF NOT EXISTS `Forma_di_pagamento` (
  `Id` int(11) NOT NULL AUTO_INCREMENT,
  `Circuito` varchar(20) NOT NULL,
  `Numero_carta` varchar(20) NOT NULL,
  `Data_scadenza` varchar(20) NOT NULL,
  `CVV` int(3) NOT NULL,
  `Tipo_di_pagamento` int(10) NOT NULL,
  `Utente_id` int(11) NOT NULL,
  `Status` int(11) NOT NULL,
  `Timestamp` timestamp NOT NULL DEFAULT current_timestamp(),
  PRIMARY KEY (`Id`),
  KEY `Utente_id` (`Utente_id`)
) ENGINE=InnoDB AUTO_INCREMENT=14 DEFAULT CHARSET=utf8mb4 COLLATE=utf8mb4_general_ci;

--
-- Dump dei dati per la tabella `Forma_di_pagamento`
--

INSERT INTO `Forma_di_pagamento` (`Id`, `Circuito`, `Numero_carta`, `Data_scadenza`, `CVV`, `Tipo_di_pagamento`, `Utente_id`, `Status`, `Timestamp`) VALUES
(3, 'Unknown', '4444 5555 6666 7777', '2023-02-02', 1, 1, 4, 0, '2023-02-02 14:59:11'),
(4, 'American Express', '3434 4545 5656 6767', '2023-02-12', 2, 1, 5, 0, '2023-02-02 15:02:01'),
(5, 'American Express', '3434 3535 3636 3737', '2023-06-29', 20, 1, 17, 0, '2023-02-15 07:34:58'),
(6, 'Unknown', '1234 1234 1234 1234', '2023-03-24', 123, 1, 33, 0, '2023-03-24 16:35:15'),
(7, 'Unknown', '111122223333444', '2023-04-26', 10, 1, 34, 0, '2023-04-25 08:45:06'),
(8, 'Unknown', '1111222233334444', '2023-04-25', 101, 1, 35, 0, '2023-04-25 09:29:56'),
(9, 'Unknown', '1111 2222 3333 4444', '2023-04-27', 12, 1, 36, 0, '2023-04-27 16:22:18'),
(10, 'Unknown', 'wfwefwefwefwfwef', '2023-04-27', 123, 1, 37, 0, '2023-04-27 16:41:09'),
(11, 'Unknown', '3333 4444 5555 6666', '2023-07-14', 123, 1, 38, 0, '2023-05-05 15:25:49'),
(12, 'Unknown', 'ytfutf', '2023-05-06', 123, 2, 39, 0, '2023-05-06 10:19:11'),
(13, 'Unknown', '1234567890987654', '2000-12-12', 123, 1, 43, 0, '2023-05-18 15:41:03');

-- --------------------------------------------------------

--
-- Struttura della tabella `Indirizzo`
--

DROP TABLE IF EXISTS `Indirizzo`;
CREATE TABLE IF NOT EXISTS `Indirizzo` (
  `Id` int(11) NOT NULL AUTO_INCREMENT,
  `Via` varchar(100) NOT NULL,
  `Numero_civico` int(5) NOT NULL,
  `Citta` varchar(50) NOT NULL,
  `CAP` int(5) NOT NULL,
  `Status` int(4) NOT NULL,
  `Timestamp` timestamp NOT NULL DEFAULT current_timestamp(),
  PRIMARY KEY (`Id`)
) ENGINE=InnoDB AUTO_INCREMENT=13 DEFAULT CHARSET=utf8mb4 COLLATE=utf8mb4_general_ci;

--
-- Dump dei dati per la tabella `Indirizzo`
--

INSERT INTO `Indirizzo` (`Id`, `Via`, `Numero_civico`, `Citta`, `CAP`, `Status`, `Timestamp`) VALUES
(1, 'Unset', 0, 'Unset', 0, 0, '2023-01-28 14:15:44'),
(2, 'Santa Maria Maddalena', 100, 'Rimini', 47900, 0, '2023-02-02 13:52:44'),
(3, 'Santa Maria Maddalena', 100, 'Rimini', 47900, 0, '2023-02-02 14:00:40'),
(4, 'Roma', 1, 'Rimini', 47902, 0, '2023-02-15 06:53:30'),
(5, 'Rossi', 12, 'Spazio', 12345, 0, '2023-03-24 16:34:48'),
(6, 'Roma', 1, 'Roma', 100, 0, '2023-04-25 08:44:34'),
(7, 'fsaddfd', 101, 'Roma', 100, 0, '2023-04-25 09:29:41'),
(8, 'Via Milano', 1, 'Milano', 1234, 0, '2023-04-27 16:22:00'),
(9, 'dwefd', 1, 'dwef', 11111, 0, '2023-04-27 16:40:55'),
(10, 'Santa Maria Maddarelna', 17, 'Morciano', 47833, 0, '2023-05-05 15:24:48'),
(11, 'ffcgc', 123, 'dfc', 12345, 0, '2023-05-06 10:19:00'),
(12, 'pesaresi', 12, 'Rimini', 47920, 0, '2023-05-18 15:40:21');

-- --------------------------------------------------------

--
-- Struttura della tabella `Magazzino`
--

DROP TABLE IF EXISTS `Magazzino`;
CREATE TABLE IF NOT EXISTS `Magazzino` (
  `Id` int(11) NOT NULL AUTO_INCREMENT,
  `Metri_cubi` double NOT NULL,
  `Indirizzo_id` int(11) NOT NULL,
  `Status` int(11) NOT NULL,
  `Timestamp` timestamp NOT NULL DEFAULT current_timestamp(),
  PRIMARY KEY (`Id`),
  KEY `Indirizzo_id` (`Indirizzo_id`)
) ENGINE=InnoDB AUTO_INCREMENT=4 DEFAULT CHARSET=utf8mb4 COLLATE=utf8mb4_general_ci;

--
-- Dump dei dati per la tabella `Magazzino`
--

INSERT INTO `Magazzino` (`Id`, `Metri_cubi`, `Indirizzo_id`, `Status`, `Timestamp`) VALUES
(2, 750, 2, 1, '2023-02-12 23:25:50'),
(3, 1000, 4, 1, '2023-05-19 14:17:53');

-- --------------------------------------------------------

--
-- Struttura della tabella `Opzione_variazione`
--

DROP TABLE IF EXISTS `Opzione_variazione`;
CREATE TABLE IF NOT EXISTS `Opzione_variazione` (
  `Id` int(11) NOT NULL AUTO_INCREMENT,
  `Valore` varchar(300) NOT NULL,
  `Variazione_id` int(11) NOT NULL,
  `Status` int(11) NOT NULL,
  `Timestamp` timestamp NOT NULL DEFAULT current_timestamp(),
  PRIMARY KEY (`Id`),
  KEY `Variazione_id` (`Variazione_id`)
) ENGINE=InnoDB AUTO_INCREMENT=26 DEFAULT CHARSET=utf8mb4 COLLATE=utf8mb4_general_ci;

--
-- Dump dei dati per la tabella `Opzione_variazione`
--

INSERT INTO `Opzione_variazione` (`Id`, `Valore`, `Variazione_id`, `Status`, `Timestamp`) VALUES
(1, 'unset', 1, 1, '2023-02-12 23:00:53'),
(2, 'S', 2, 1, '2023-02-12 23:00:53'),
(3, 'M', 2, 1, '2023-02-12 23:00:53'),
(4, 'L', 2, 1, '2023-02-12 23:00:53'),
(5, 'Nero', 3, 1, '2023-02-12 23:00:53'),
(6, 'Bianco', 3, 1, '2023-02-12 23:00:53'),
(7, '43', 4, 1, '2023-02-12 23:00:53'),
(8, '44', 4, 1, '2023-02-12 23:00:53'),
(9, '45', 4, 1, '2023-02-12 23:00:53'),
(10, 'M', 6, 1, '2023-02-12 23:02:12'),
(11, 'L', 6, 1, '2023-02-12 23:02:12'),
(12, 'XL', 6, 1, '2023-02-12 23:02:12'),
(13, 'Bianco', 7, 1, '2023-02-12 23:03:35'),
(14, 'Nero', 7, 1, '2023-02-12 23:03:35'),
(15, 'Altro', 7, 1, '2023-02-12 23:03:35'),
(16, 'Bianco', 5, 1, '2023-02-12 23:07:10'),
(17, 'Nero', 5, 1, '2023-02-12 23:07:10'),
(18, 'Mixed', 5, 1, '2023-02-12 23:07:10'),
(19, 'S', 8, 1, '2023-02-15 10:19:46'),
(20, 'M', 8, 1, '2023-02-15 10:19:46'),
(21, 'L', 8, 1, '2023-02-15 10:19:46'),
(22, 'Chiaro', 9, 1, '2023-02-15 10:19:46'),
(23, 'Scuro', 9, 1, '2023-02-15 10:19:46'),
(24, 'Mixed', 9, 1, '2023-02-15 10:19:46'),
(25, 'Mixed', 3, 1, '2023-02-15 10:37:44');

-- --------------------------------------------------------

--
-- Struttura della tabella `Ordine`
--

DROP TABLE IF EXISTS `Ordine`;
CREATE TABLE IF NOT EXISTS `Ordine` (
  `Id` int(11) NOT NULL AUTO_INCREMENT,
  `Data_ordine` date NOT NULL,
  `Tot_ordine` decimal(10,0) NOT NULL,
  `Status` int(11) NOT NULL,
  `Metodo_di_spedizione` int(11) NOT NULL,
  `Forma_di_pag_id` int(11) NOT NULL,
  `Timestamp` timestamp NOT NULL DEFAULT current_timestamp(),
  PRIMARY KEY (`Id`),
  KEY `Forma_di_pag_id` (`Forma_di_pag_id`)
) ENGINE=InnoDB AUTO_INCREMENT=29 DEFAULT CHARSET=utf8mb4 COLLATE=utf8mb4_general_ci;

--
-- Dump dei dati per la tabella `Ordine`
--

INSERT INTO `Ordine` (`Id`, `Data_ordine`, `Tot_ordine`, `Status`, `Metodo_di_spedizione`, `Forma_di_pag_id`, `Timestamp`) VALUES
(1, '2023-02-15', '63', 0, 1, 5, '2023-02-15 08:22:49'),
(2, '2023-02-15', '63', 0, 1, 5, '2023-02-15 08:24:47'),
(3, '2023-02-15', '63', 0, 1, 5, '2023-02-15 08:24:57'),
(4, '2023-03-24', '80', 0, 1, 6, '2023-03-24 16:35:27'),
(5, '2023-04-25', '73', 0, 1, 6, '2023-04-25 08:34:29'),
(6, '2023-04-25', '22', 0, 1, 7, '2023-04-25 08:45:21'),
(7, '2023-04-25', '22', 0, 1, 7, '2023-04-25 09:17:26'),
(8, '2023-04-25', '55', 0, 1, 8, '2023-04-25 09:30:02'),
(9, '2023-04-25', '55', 0, 1, 8, '2023-04-25 09:31:06'),
(10, '2023-04-25', '55', 0, 1, 8, '2023-04-25 09:31:37'),
(11, '2023-04-25', '55', 0, 1, 8, '2023-04-25 09:32:05'),
(12, '2023-04-25', '43', 0, 1, 8, '2023-04-25 09:33:47'),
(13, '2023-04-25', '55', 0, 1, 8, '2023-04-25 09:38:24'),
(14, '2023-04-27', '55', 0, 1, 9, '2023-04-27 16:22:29'),
(15, '2023-04-27', '92', 0, 1, 9, '2023-04-27 16:27:15'),
(16, '2023-04-27', '40', 0, 1, 10, '2023-04-27 16:41:35'),
(17, '2023-04-27', '12', 0, 1, 10, '2023-04-27 16:42:37'),
(18, '2023-04-27', '18', 0, 1, 10, '2023-04-27 16:53:54'),
(19, '2023-05-05', '62', 0, 1, 11, '2023-05-05 15:26:12'),
(20, '2023-05-05', '34', 0, 1, 11, '2023-05-05 15:28:36'),
(21, '2023-05-06', '13', 0, 1, 12, '2023-05-06 10:19:18'),
(22, '2023-05-12', '80', 0, 1, 12, '2023-05-12 16:32:26'),
(23, '2023-05-18', '15', 0, 1, 13, '2023-05-18 15:41:51'),
(24, '2023-05-18', '15', 0, 1, 13, '2023-05-18 15:43:17'),
(25, '2023-05-18', '40', 0, 1, 13, '2023-05-18 15:45:33'),
(26, '2023-05-18', '25', 0, 1, 13, '2023-05-18 15:46:57'),
(27, '2023-05-18', '18', 0, 1, 13, '2023-05-18 15:47:36'),
(28, '2023-05-18', '1', 0, 1, 13, '2023-05-18 15:49:09');

-- --------------------------------------------------------

--
-- Struttura della tabella `Prodotto`
--

DROP TABLE IF EXISTS `Prodotto`;
CREATE TABLE IF NOT EXISTS `Prodotto` (
  `Id` int(11) NOT NULL AUTO_INCREMENT,
  `Nome` varchar(50) NOT NULL,
  `Descrizione` varchar(50) NOT NULL,
  `Immagine` varchar(300) NOT NULL,
  `Dim_id` int(11) NOT NULL,
  `Categoria_id` int(11) NOT NULL,
  `Status` int(11) NOT NULL,
  `Timestamp` timestamp NOT NULL DEFAULT current_timestamp(),
  PRIMARY KEY (`Id`),
  KEY `Categoria_id` (`Categoria_id`),
  KEY `Dim_id` (`Dim_id`)
) ENGINE=InnoDB AUTO_INCREMENT=24 DEFAULT CHARSET=utf8mb4 COLLATE=utf8mb4_general_ci;

--
-- Dump dei dati per la tabella `Prodotto`
--

INSERT INTO `Prodotto` (`Id`, `Nome`, `Descrizione`, `Immagine`, `Dim_id`, `Categoria_id`, `Status`, `Timestamp`) VALUES
(2, 'KeShoes', 'Scarpe comode, allenamento', '81621oAc4wL.jpeg', 3, 3, 1, '2023-02-12 23:24:13'),
(3, 'Basic t-shirt', 'Maglietta essenziale', '1489021968081376512-1539072890.jpeg', 3, 2, 1, '2023-02-12 23:45:30'),
(8, 'felpa vintage', 'new felpa vintage', 'felpa_03.jpeg', 3, 4, 1, '2023-02-13 22:13:15'),
(9, 'Ciabatte estive', 'Ciabatte comode', 'ciabatte_rosse.jpeg', 3, 3, 1, '2023-02-13 22:16:51'),
(10, 'Maglia Easy.', 'Maglia comoda, leggera, facilmente lavabile', 'maglia_nera.png', 3, 2, 1, '2023-02-15 10:12:20'),
(12, 'Cappello Cowboy', 'Cappello in feltro di pelle, Riverina', 'cappello_01.jpeg', 3, 5, 1, '2023-02-15 10:20:32'),
(13, 'Cappello invernale', 'Cappello invernale, berretta comfort', 'cappello_02.jpeg', 3, 5, 1, '2023-02-15 10:27:44'),
(14, 'Nike Court Heritage', 'Felpa con cappuccio, logo ricamato', 'felpa_02.jpeg', 3, 4, 1, '2023-02-15 10:30:37'),
(15, 'Felpa tecnica con cappuccio', 'Basic Active Hoody Clique, Unisex ', 'felpa_03.jpeg', 3, 4, 1, '2023-02-15 10:33:26'),
(16, 'Gildan Softstyle T-Shirt', '150gm, Doppio ago manica e orli inferiori', 'maglia_03.jpeg', 3, 2, 1, '2023-02-15 10:36:53'),
(17, 'Geox U15BYA', 'Scarpe Sportive per Uomo in tessuto blu', 'scarpe_03.jpeg', 3, 3, 1, '2023-02-15 10:40:01'),
(18, 'Fila - Cappello da pescatore', 'Fascia interna in twill di cotone', 'cappello_03.jpeg', 3, 5, 1, '2023-02-15 10:43:10'),
(19, 'test01-name', 'test01-desc', 'ammoBox.png', 3, 2, 1, '2023-05-18 14:09:16'),
(20, 'test02-name', 'test02-desc', 'felpa_03.jpeg', 3, 4, 1, '2023-05-18 14:25:06'),
(21, 'test03-name', 'test03-desc', 'maglia_nera.png', 3, 2, 1, '2023-05-18 14:43:46'),
(22, 'test04-name', 'test04-desc', 'cappello_02.jpeg', 3, 5, 1, '2023-05-19 14:18:41'),
(23, 'felpa-test', 'felpa-test', 'felpa_02.jpeg', 3, 4, 1, '2023-05-19 16:34:26');

-- --------------------------------------------------------

--
-- Struttura della tabella `Prodotto_in_raccolta`
--

DROP TABLE IF EXISTS `Prodotto_in_raccolta`;
CREATE TABLE IF NOT EXISTS `Prodotto_in_raccolta` (
  `Id` int(11) NOT NULL AUTO_INCREMENT,
  `Raccolta_id` int(11) NOT NULL,
  `Prodotto_id` int(11) NOT NULL,
  `Status` int(11) NOT NULL,
  `Timestamp` timestamp NOT NULL DEFAULT current_timestamp(),
  PRIMARY KEY (`Id`),
  KEY `Prodotto_id` (`Prodotto_id`),
  KEY `Raccolta_id` (`Raccolta_id`)
) ENGINE=InnoDB AUTO_INCREMENT=6 DEFAULT CHARSET=utf8mb4 COLLATE=utf8mb4_general_ci;

--
-- Dump dei dati per la tabella `Prodotto_in_raccolta`
--

INSERT INTO `Prodotto_in_raccolta` (`Id`, `Raccolta_id`, `Prodotto_id`, `Status`, `Timestamp`) VALUES
(2, 15, 3, 1, '2023-02-13 20:53:50'),
(3, 15, 3, 1, '2023-02-13 20:56:11'),
(4, 15, 2, 1, '2023-02-13 20:56:15'),
(5, 2, 2, 1, '2023-02-13 21:46:26');

-- --------------------------------------------------------

--
-- Struttura della tabella `Raccolta`
--

DROP TABLE IF EXISTS `Raccolta`;
CREATE TABLE IF NOT EXISTS `Raccolta` (
  `Id` int(11) NOT NULL AUTO_INCREMENT,
  `Tipo_raccolta` int(5) NOT NULL,
  `Titolo` varchar(50) NOT NULL,
  `Utente_id` int(11) NOT NULL,
  `Status` int(4) NOT NULL,
  `Timestamp` timestamp NOT NULL DEFAULT current_timestamp(),
  PRIMARY KEY (`Id`),
  KEY `Utente_id` (`Utente_id`)
) ENGINE=InnoDB AUTO_INCREMENT=33 DEFAULT CHARSET=utf8mb4 COLLATE=utf8mb4_general_ci;

--
-- Dump dei dati per la tabella `Raccolta`
--

INSERT INTO `Raccolta` (`Id`, `Tipo_raccolta`, `Titolo`, `Utente_id`, `Status`, `Timestamp`) VALUES
(1, 1, 'Wishlist', 17, 0, '2023-02-10 15:31:09'),
(2, 1, 'whislist', 5, 0, '2023-02-12 18:17:51'),
(3, 1, 'whislist', 4, 0, '2023-02-12 20:34:47'),
(4, 1, 'whislist', 19, 0, '2023-02-12 20:52:26'),
(5, 1, 'whislist', 20, 0, '2023-02-12 20:55:47'),
(6, 1, 'whislist', 21, 0, '2023-02-12 21:55:43'),
(7, 1, 'whislist', 22, 0, '2023-02-12 22:16:51'),
(8, 1, 'whislist', 23, 0, '2023-02-13 00:23:38'),
(9, 1, 'whislist', 1, 0, '2023-02-13 14:05:47'),
(10, 1, 'whislist', 24, 0, '2023-02-13 16:05:57'),
(11, 1, 'whislist', 25, 0, '2023-02-13 16:18:05'),
(12, 1, 'whislist', 26, 0, '2023-02-13 16:25:18'),
(14, 1, 'whislist', 28, 0, '2023-02-13 18:15:18'),
(15, 1, 'whislist', 29, 0, '2023-02-13 20:35:11'),
(16, 1, 'whislist', 30, 0, '2023-02-14 16:39:13'),
(17, 1, 'whislist', 31, 0, '2023-02-14 17:18:38'),
(18, 1, 'whislist', 32, 0, '2023-02-15 10:44:46'),
(19, 1, 'whislist', 33, 0, '2023-03-24 16:33:53'),
(20, 1, 'whislist', 34, 0, '2023-04-25 08:43:50'),
(21, 1, 'whislist', 35, 0, '2023-04-25 09:29:04'),
(22, 1, 'whislist', 36, 0, '2023-04-27 16:21:12'),
(23, 1, 'whislist', 37, 0, '2023-04-27 16:40:13'),
(24, 1, 'whislist', 38, 0, '2023-05-05 15:21:28'),
(25, 1, 'whislist', 39, 0, '2023-05-05 16:20:54'),
(26, 1, 'whislist', 40, 0, '2023-05-08 13:56:12'),
(27, 1, 'whislist', 41, 0, '2023-05-18 14:08:26'),
(28, 1, 'whislist', 42, 0, '2023-05-18 14:28:56'),
(29, 1, 'whislist', 43, 0, '2023-05-18 15:37:45'),
(30, 1, 'whislist', 44, 0, '2023-05-19 16:33:00'),
(31, 1, 'whislist', 45, 0, '2023-06-07 14:38:36'),
(32, 1, 'whislist', 46, 0, '2023-06-07 14:39:42');

-- --------------------------------------------------------

--
-- Struttura della tabella `Recensione`
--

DROP TABLE IF EXISTS `Recensione`;
CREATE TABLE IF NOT EXISTS `Recensione` (
  `Id` int(11) NOT NULL AUTO_INCREMENT,
  `Valutazione` int(5) NOT NULL,
  `Commento` varchar(300) NOT NULL,
  `Dettaglio_ordine_id` int(11) NOT NULL,
  `Utente_id` int(11) NOT NULL,
  `Prodotto_id` int(11) NOT NULL,
  `Status` int(11) NOT NULL,
  `Timestamp` timestamp NOT NULL DEFAULT current_timestamp(),
  PRIMARY KEY (`Id`),
  KEY `Dettaglio_ordine_id` (`Dettaglio_ordine_id`),
  KEY `Prodotto_id` (`Prodotto_id`),
  KEY `Utente_id` (`Utente_id`)
) ENGINE=InnoDB DEFAULT CHARSET=utf8mb4 COLLATE=utf8mb4_general_ci;

-- --------------------------------------------------------

--
-- Struttura della tabella `Reso`
--

DROP TABLE IF EXISTS `Reso`;
CREATE TABLE IF NOT EXISTS `Reso` (
  `Id` int(11) NOT NULL AUTO_INCREMENT,
  `Dettaglio_ordine_id` int(11) NOT NULL,
  `Motivo` varchar(1000) NOT NULL,
  `Descrizione` varchar(1000) NOT NULL,
  `Status` int(2) NOT NULL,
  `Timestamp` timestamp NOT NULL DEFAULT current_timestamp(),
  PRIMARY KEY (`Id`),
  KEY `Dettaglio_ordine_id` (`Dettaglio_ordine_id`)
) ENGINE=InnoDB DEFAULT CHARSET=utf8mb4 COLLATE=utf8mb4_general_ci;

-- --------------------------------------------------------

--
-- Struttura della tabella `Utente`
--

DROP TABLE IF EXISTS `Utente`;
CREATE TABLE IF NOT EXISTS `Utente` (
  `Id` int(11) NOT NULL AUTO_INCREMENT,
  `Nome` varchar(50) NOT NULL,
  `Cognome` varchar(50) NOT NULL,
  `Email` varchar(50) NOT NULL,
  `Password` varchar(32) NOT NULL,
  `Claim_id` int(11) NOT NULL,
  `Indirizzo_id` int(11) NOT NULL,
  `Status` int(11) NOT NULL,
  `Timestamp` timestamp NOT NULL DEFAULT current_timestamp(),
  PRIMARY KEY (`Id`),
  KEY `Claim_id` (`Claim_id`),
  KEY `Indirizzo_id` (`Indirizzo_id`)
) ENGINE=InnoDB AUTO_INCREMENT=47 DEFAULT CHARSET=utf8mb4 COLLATE=utf8mb4_general_ci;

--
-- Dump dei dati per la tabella `Utente`
--

INSERT INTO `Utente` (`Id`, `Nome`, `Cognome`, `Email`, `Password`, `Claim_id`, `Indirizzo_id`, `Status`, `Timestamp`) VALUES
(1, 'unset', 'unset', 'unset', 'unset', 71, 1, 1, '2023-02-13 14:03:51'),
(4, 'Endri', 'Domi', 'endri@takeit.com', 'takeit', 55, 3, 0, '2023-01-31 15:35:38'),
(5, 'Federico', 'Brunelli', 'fede@takeit.com', 'takeit', 56, 1, 0, '2023-01-31 15:38:04'),
(6, 'Chiara', 'Delmonte', 'chiara.delmonte@takeit.com', 'takeit', 57, 1, 0, '2023-02-02 08:32:19'),
(7, 'Mario', 'Rossi', 'mario@rossi.com', 'mariorossi', 58, 1, 0, '2023-02-02 13:44:59'),
(8, 'Alessandro', 'Pioggia', 'ale@pioggia.com', 'takeit', 59, 1, 0, '2023-02-05 09:16:32'),
(9, 'ale', 'pio', 'alepio@sdf.com', 'dsfsdfsdf', 60, 1, 0, '2023-02-05 09:21:09'),
(11, 'Riccardo', 'Battelli', 'riccardo@takeit.com', 'takeit', 62, 1, 0, '2023-02-05 15:07:55'),
(12, 'Matteo', 'Amadori', 'matteo@takeit.com', 'takeit', 63, 1, 0, '2023-02-05 15:09:34'),
(13, 'User', 'user', 'user@takeit.com', 'takeit', 64, 1, 0, '2023-02-05 15:28:06'),
(14, 'Franceso', 'Migani', 'francesco.migani@test.com', 'takeit', 65, 1, 0, '2023-02-05 15:43:37'),
(15, 'Alessandro', 'Ricci', 'a@ricci.com', 'takeit', 66, 1, 0, '2023-02-05 15:50:47'),
(16, 'Roberto', 'Rossi', 'roberto@rossi.com', 'takeit', 67, 1, 0, '2023-02-05 16:10:23'),
(17, 'Aurora', 'Rossi', 'aurora@rossi.com', 'takeit', 68, 4, 0, '2023-02-06 14:58:54'),
(18, 'Dario', 'Ricci', 'dario@takeit.it', 'takeit', 69, 1, 0, '2023-02-09 18:14:48'),
(19, 'Mirko', 'Viroli', 'mirko@viroli.com', 'takeit', 70, 1, 0, '2023-02-12 20:52:26'),
(20, 'Alessandro', 'Mancini', 'ale@mancini.com', 'takeit', 71, 1, 0, '2023-02-12 20:55:47'),
(21, 'Roberto', 'Casadei', 'robi@casadei.com', 'takeit', 72, 1, 0, '2023-02-12 21:55:43'),
(22, 'Francesco', 'Guzzoni', 'francesco.guzzoni@takeit.it', 'takeit', 73, 1, 0, '2023-02-12 22:16:51'),
(23, 'Giulia', 'Raguselli', 'giulia@takeit.it', 'takeit', 74, 1, 0, '2023-02-13 00:23:38'),
(24, 'Admin', 'Seller', 'admin@seller.takeit.it', 'takeit', 75, 1, 0, '2023-02-13 16:05:57'),
(25, 'Ciro', 'Immobile', 'ciro@immobile.com', 'takeit', 76, 1, 0, '2023-02-13 16:18:05'),
(26, 'Thomas', 'Franchi', 'thomas@takeit.com', 'takeit', 77, 1, 0, '2023-02-13 16:25:18'),
(28, 'christian', 'Rocchi', 'christian@takeit.it', 'takeit', 79, 1, 0, '2023-02-13 18:15:18'),
(29, 'ale', 'ssandro', 'ale@takeit.com', 'taleit', 80, 1, 0, '2023-02-13 20:35:11'),
(30, 'Umberto', 'Alarico', 'umberto@takeit.it', 'takeit', 81, 1, 0, '2023-02-14 16:39:13'),
(31, 'Gigi', 'Buffon', 'gigi@buffon.com', 'takeit', 82, 1, 0, '2023-02-14 17:18:38'),
(32, 'Endri', 'Domi', 'endri.domi@takeit.it', 'takeit', 83, 1, 0, '2023-02-15 10:44:46'),
(33, 'Danilo', 'Pianini', 'danilo@pianini.com', 'takeit', 84, 5, 0, '2023-03-24 16:33:53'),
(34, 'Mirko', 'Banda', 'mirko.banda@takeit.com', 'takeit', 85, 6, 0, '2023-04-25 08:43:50'),
(35, 'Leo', 'Carbo', 'leocarbo00@takeit.com', 'takeit', 86, 7, 0, '2023-04-25 09:29:04'),
(36, 'Alessio', 'Riccini', 'alessio.riccini@lasersoft.it', 'lasersoft', 87, 8, 0, '2023-04-27 16:21:12'),
(37, 'Marco', 'Pannunzio', 'marco.pann@lasersoft.it', 'lasersoft', 88, 9, 0, '2023-04-27 16:40:13'),
(38, 'Luca', 'Baldassari', 'luca@balda.com', 'takeit', 89, 10, 0, '2023-05-05 15:21:28'),
(39, 'pino', 'verdi', 'pino@v.com', 'pino', 90, 11, 0, '2023-05-05 16:20:54'),
(40, 'Admin0', 'admin0', 'admin0@a.com', 'admin', 91, 1, 0, '2023-05-08 13:56:12'),
(41, 'alberto', 'clari', 'clari@takeit.it', 'takeit', 92, 1, 0, '2023-05-18 14:08:26'),
(42, 'roberto', 'pari', 'pari@takeit.it', 'takeit', 93, 1, 0, '2023-05-18 14:28:56'),
(43, 'marco', 'pesa', 'pesa@takeit.it', 'takiet', 94, 12, 0, '2023-05-18 15:37:45'),
(44, 'test01', 'test01', 'test01@takeit.it', 'takeit', 95, 1, 0, '2023-05-19 16:33:00'),
(45, 'sdazi', 'asd', 'ada@d.com', '123', 100, 1, 0, '2023-06-07 14:20:21'),
(46, 'Luca', 'Migani', 'luchiss@las.com', '1234', 101, 1, 0, '2023-06-07 14:39:42');

-- --------------------------------------------------------

--
-- Struttura della tabella `Variazione`
--

DROP TABLE IF EXISTS `Variazione`;
CREATE TABLE IF NOT EXISTS `Variazione` (
  `Id` int(11) NOT NULL AUTO_INCREMENT,
  `Nome` varchar(300) NOT NULL,
  `Categoria_id` int(11) NOT NULL,
  `Status` int(11) NOT NULL,
  `Timestamp` timestamp NOT NULL DEFAULT current_timestamp(),
  PRIMARY KEY (`Id`),
  KEY `Categoria_id` (`Categoria_id`)
) ENGINE=InnoDB AUTO_INCREMENT=10 DEFAULT CHARSET=utf8mb4 COLLATE=utf8mb4_general_ci;

--
-- Dump dei dati per la tabella `Variazione`
--

INSERT INTO `Variazione` (`Id`, `Nome`, `Categoria_id`, `Status`, `Timestamp`) VALUES
(1, 'unset', 1, 1, '2023-02-12 22:56:17'),
(2, 'Taglia T-shirt', 2, 1, '2023-02-12 22:55:01'),
(3, 'Colore T-shirt', 2, 1, '2023-02-12 22:55:01'),
(4, 'Taglia Scarpe', 3, 1, '2023-02-12 22:55:01'),
(5, 'Colore scarpe', 3, 1, '2023-02-12 22:55:01'),
(6, 'Taglia Felpa', 4, 1, '2023-02-12 22:55:50'),
(7, 'Colore Felpa', 4, 1, '2023-02-12 22:55:50'),
(8, 'Taglia Cappello', 5, 1, '2023-02-15 10:18:19'),
(9, 'Colore Cappello', 5, 1, '2023-02-15 10:18:19');

--
-- Limiti per le tabelle scaricate
--

--
-- Limiti per la tabella `Articolo`
--
ALTER TABLE `Articolo`
  ADD CONSTRAINT `articolo_ibfk_1` FOREIGN KEY (`Prodotto_id`) REFERENCES `Prodotto` (`Id`),
  ADD CONSTRAINT `articolo_ibfk_2` FOREIGN KEY (`Utente_id`) REFERENCES `Utente` (`Id`);

--
-- Limiti per la tabella `Articolo_in_carrello`
--
ALTER TABLE `Articolo_in_carrello`
  ADD CONSTRAINT `articolo_in_carrello_ibfk_1` FOREIGN KEY (`Carrello_id`) REFERENCES `Carrello` (`Id`),
  ADD CONSTRAINT `articolo_in_carrello_ibfk_2` FOREIGN KEY (`Articolo_id`) REFERENCES `Articolo` (`Id`);

--
-- Limiti per la tabella `Articolo_in_magazzino`
--
ALTER TABLE `Articolo_in_magazzino`
  ADD CONSTRAINT `articolo_in_magazzino_ibfk_1` FOREIGN KEY (`Magazzino_id`) REFERENCES `Magazzino` (`Id`) ON DELETE NO ACTION ON UPDATE CASCADE;

--
-- Limiti per la tabella `Carrello`
--
ALTER TABLE `Carrello`
  ADD CONSTRAINT `carrello_ibfk_1` FOREIGN KEY (`Utente_id`) REFERENCES `Utente` (`Id`);

--
-- Limiti per la tabella `Configurazione_variazione`
--
ALTER TABLE `Configurazione_variazione`
  ADD CONSTRAINT `configurazione_variazione_ibfk_1` FOREIGN KEY (`Opzio_variazione_id`) REFERENCES `Opzione_variazione` (`Id`);

--
-- Limiti per la tabella `Dettaglio_ordine`
--
ALTER TABLE `Dettaglio_ordine`
  ADD CONSTRAINT `dettaglio_ordine_ibfk_1` FOREIGN KEY (`Articolo_id`) REFERENCES `Articolo` (`Id`),
  ADD CONSTRAINT `dettaglio_ordine_ibfk_2` FOREIGN KEY (`Ordine_id`) REFERENCES `Ordine` (`Id`);

--
-- Limiti per la tabella `Forma_di_pagamento`
--
ALTER TABLE `Forma_di_pagamento`
  ADD CONSTRAINT `forma_di_pagamento_ibfk_1` FOREIGN KEY (`Utente_id`) REFERENCES `Utente` (`Id`);

--
-- Limiti per la tabella `Magazzino`
--
ALTER TABLE `Magazzino`
  ADD CONSTRAINT `magazzino_ibfk_1` FOREIGN KEY (`Indirizzo_id`) REFERENCES `Indirizzo` (`Id`);

--
-- Limiti per la tabella `Opzione_variazione`
--
ALTER TABLE `Opzione_variazione`
  ADD CONSTRAINT `opzione_variazione_ibfk_1` FOREIGN KEY (`Variazione_id`) REFERENCES `Variazione` (`Id`);

--
-- Limiti per la tabella `Ordine`
--
ALTER TABLE `Ordine`
  ADD CONSTRAINT `ordine_ibfk_1` FOREIGN KEY (`Forma_di_pag_id`) REFERENCES `Forma_di_pagamento` (`Id`);

--
-- Limiti per la tabella `Prodotto`
--
ALTER TABLE `Prodotto`
  ADD CONSTRAINT `prodotto_ibfk_1` FOREIGN KEY (`Categoria_id`) REFERENCES `Categoria` (`Id`),
  ADD CONSTRAINT `prodotto_ibfk_2` FOREIGN KEY (`Dim_id`) REFERENCES `Dimensione` (`Id`);

--
-- Limiti per la tabella `Prodotto_in_raccolta`
--
ALTER TABLE `Prodotto_in_raccolta`
  ADD CONSTRAINT `prodotto_in_raccolta_ibfk_1` FOREIGN KEY (`Prodotto_id`) REFERENCES `Prodotto` (`Id`),
  ADD CONSTRAINT `prodotto_in_raccolta_ibfk_2` FOREIGN KEY (`Raccolta_id`) REFERENCES `Raccolta` (`Id`);

--
-- Limiti per la tabella `Raccolta`
--
ALTER TABLE `Raccolta`
  ADD CONSTRAINT `raccolta_ibfk_1` FOREIGN KEY (`Utente_id`) REFERENCES `Utente` (`Id`);

--
-- Limiti per la tabella `Recensione`
--
ALTER TABLE `Recensione`
  ADD CONSTRAINT `recensione_ibfk_1` FOREIGN KEY (`Dettaglio_ordine_id`) REFERENCES `Dettaglio_ordine` (`Id`),
  ADD CONSTRAINT `recensione_ibfk_2` FOREIGN KEY (`Prodotto_id`) REFERENCES `Prodotto` (`Id`),
  ADD CONSTRAINT `recensione_ibfk_3` FOREIGN KEY (`Utente_id`) REFERENCES `Utente` (`Id`);

--
-- Limiti per la tabella `Reso`
--
ALTER TABLE `Reso`
  ADD CONSTRAINT `reso_ibfk_1` FOREIGN KEY (`Dettaglio_ordine_id`) REFERENCES `Dettaglio_ordine` (`Id`);

--
-- Limiti per la tabella `Utente`
--
ALTER TABLE `Utente`
  ADD CONSTRAINT `utente_ibfk_1` FOREIGN KEY (`Claim_id`) REFERENCES `Claim` (`Id`),
  ADD CONSTRAINT `utente_ibfk_2` FOREIGN KEY (`Indirizzo_id`) REFERENCES `Indirizzo` (`Id`);

--
-- Limiti per la tabella `Variazione`
--
ALTER TABLE `Variazione`
  ADD CONSTRAINT `variazione_ibfk_1` FOREIGN KEY (`Categoria_id`) REFERENCES `Categoria` (`Id`);
COMMIT;

/*!40101 SET CHARACTER_SET_CLIENT=@OLD_CHARACTER_SET_CLIENT */;
/*!40101 SET CHARACTER_SET_RESULTS=@OLD_CHARACTER_SET_RESULTS */;
/*!40101 SET COLLATION_CONNECTION=@OLD_COLLATION_CONNECTION */;
